GROUP_,id,x,y,z,code
Milli Milli Inlier metagranitc unit,4942,614877.6507737,7475295.1096186,637.,Milli_Milli_Inlier_metagranitc_unit
Milli Milli Inlier metagranitc unit,4942,615175.06141554,7474981.56839006,637.,Milli_Milli_Inlier_metagranitc_unit
Milli Milli Inlier metagranitc unit,4942,615212.95032903,7474911.06940382,637.,Milli_Milli_Inlier_metagranitc_unit
Milli Milli Inlier metagranitc unit,4942,615294.57007099,7474694.05938532,637.,Milli_Milli_Inlier_metagranitc_unit
Milli Milli Inlier metagranitc unit,4942,615388.87967119,7474477.54732318,637.,Milli_Milli_Inlier_metagranitc_unit
Milli Milli Inlier metagranitc unit,4942,615477.19875289,7474311.54172176,634.,Milli_Milli_Inlier_metagranitc_unit
Milli Milli Inlier metagranitc unit,4942,615610.17991804,7474196.03024539,634.,Milli_Milli_Inlier_metagranitc_unit
Milli Milli Inlier metagranitc unit,4942,615794.81857639,7474233.50101595,634.,Milli_Milli_Inlier_metagranitc_unit
Milli Milli Inlier metagranitc unit,4942,615928.79133864,7474321.47042711,634.,Milli_Milli_Inlier_metagranitc_unit
Milli Milli Inlier metagranitc unit,4942,616132.30062623,7474313.96104712,634.,Milli_Milli_Inlier_metagranitc_unit
Milli Milli Inlier metagranitc unit,4942,616386.42011551,7474248.92138574,673.,Milli_Milli_Inlier_metagranitc_unit
Milli Milli Inlier metagranitc unit,4942,616614.30941697,7474024.89094955,673.,Milli_Milli_Inlier_metagranitc_unit
Milli Milli Inlier metagranitc unit,4942,616784.97031628,7473801.38115388,673.,Milli_Milli_Inlier_metagranitc_unit
Milli Milli Inlier metagranitc unit,4942,616930.84889945,7473717.85074325,673.,Milli_Milli_Inlier_metagranitc_unit
Milli Milli Inlier metagranitc unit,4942,617210.87133754,7473754.32199907,673.,Milli_Milli_Inlier_metagranitc_unit
Milli Milli Inlier metagranitc unit,4942,617497.37092441,7473810.28911114,616.,Milli_Milli_Inlier_metagranitc_unit
Milli Milli Inlier metagranitc unit,4942,617796.41943994,7473827.73841044,616.,Milli_Milli_Inlier_metagranitc_unit
Milli Milli Inlier metagranitc unit,4942,618069.63907667,7473768.71157924,616.,Milli_Milli_Inlier_metagranitc_unit
Milli Milli Inlier metagranitc unit,4942,618285.21995047,7473646.71060739,616.,Milli_Milli_Inlier_metagranitc_unit
Milli Milli Inlier metagranitc unit,4942,618417.68961617,7473423.20166787,616.,Milli_Milli_Inlier_metagranitc_unit
Milli Milli Inlier metagranitc unit,4942,618480.11978196,7473187.20172071,614.,Milli_Milli_Inlier_metagranitc_unit
Milli Milli Inlier metagranitc unit,4942,618510.63965291,7472913.21187144,614.,Milli_Milli_Inlier_metagranitc_unit
Milli Milli Inlier metagranitc unit,4942,618528.39286595,7472633.22099784,614.,Milli_Milli_Inlier_metagranitc_unit
Milli Milli Inlier metagranitc unit,4942,618597.22810441,7472403.75058984,614.,Milli_Milli_Inlier_metagranitc_unit
Milli Milli Inlier metagranitc unit,4942,618723.65989026,7472250.26264704,614.,Milli_Milli_Inlier_metagranitc_unit
Milli Milli Inlier metagranitc unit,4942,619014.93049091,7471987.77826373,627.,Milli_Milli_Inlier_metagranitc_unit
Milli Milli Inlier metagranitc unit,4942,619338.01063894,7471725.31040042,627.,Milli_Milli_Inlier_metagranitc_unit
Milli Milli Inlier metagranitc unit,4942,619667.5496354,7471487.80856396,627.,Milli_Milli_Inlier_metagranitc_unit
Milli Milli Inlier metagranitc unit,4942,619927.22016767,7471276.31894847,627.,Milli_Milli_Inlier_metagranitc_unit
Milli Milli Inlier metagranitc unit,4942,620212.15906501,7471020.3395311,627.,Milli_Milli_Inlier_metagranitc_unit
Milli Milli Inlier metagranitc unit,4942,620357.28881109,7470783.84724791,576.,Milli_Milli_Inlier_metagranitc_unit
Milli Milli Inlier metagranitc unit,4942,620425.89994767,7470497.37150777,576.,Milli_Milli_Inlier_metagranitc_unit
Milli Milli Inlier metagranitc unit,4942,620449.6895536,7470159.88884969,576.,Milli_Milli_Inlier_metagranitc_unit
Milli Milli Inlier metagranitc unit,4942,620766.74089219,7469960.88031009,576.,Milli_Milli_Inlier_metagranitc_unit
Milli Milli Inlier metagranitc unit,4942,620803.9898358,7469782.38781724,576.,Milli_Milli_Inlier_metagranitc_unit
Milli Milli Inlier metagranitc unit,4942,620797.07111963,7469655.40946889,573.,Milli_Milli_Inlier_metagranitc_unit
Milli Milli Inlier metagranitc unit,4942,620662.59900278,7469471.42117671,573.,Milli_Milli_Inlier_metagranitc_unit
Milli Milli Inlier metagranitc unit,4942,620255.33019563,7469416.45997692,577.,Milli_Milli_Inlier_metagranitc_unit
Milli Milli Inlier metagranitc unit,4942,619797.47159264,7469431.50227784,577.,Milli_Milli_Inlier_metagranitc_unit
Milli Milli Inlier metagranitc unit,4942,619282.77950343,7469523.52963098,577.,Milli_Milli_Inlier_metagranitc_unit
Milli Milli Inlier metagranitc unit,4942,618577.49907527,7469661.07805813,574.,Milli_Milli_Inlier_metagranitc_unit
Milli Milli Inlier metagranitc unit,4942,618075.41142335,7469727.60079769,574.,Milli_Milli_Inlier_metagranitc_unit
Milli Milli Inlier metagranitc unit,4942,617401.63111515,7469794.64080308,574.,Milli_Milli_Inlier_metagranitc_unit
Milli Milli Inlier metagranitc unit,4942,616797.85247483,7469874.65950845,574.,Milli_Milli_Inlier_metagranitc_unit
Milli Milli Inlier metagranitc unit,4942,616104.98053784,7469954.69087512,574.,Milli_Milli_Inlier_metagranitc_unit
Milli Milli Inlier metagranitc unit,4942,615596.29001406,7469970.21910516,573.,Milli_Milli_Inlier_metagranitc_unit
Milli Milli Inlier metagranitc unit,4942,615011.09901193,7469960.75035292,573.,Milli_Milli_Inlier_metagranitc_unit
Milli Milli Inlier metagranitc unit,4942,614578.70947503,7469975.76962027,573.,Milli_Milli_Inlier_metagranitc_unit
Milli Milli Inlier metagranitc unit,4942,614184.66925872,7470022.30076894,573.,Milli_Milli_Inlier_metagranitc_unit
Milli Milli Inlier metagranitc unit,4942,613758.86999667,7470082.31810192,573.,Milli_Milli_Inlier_metagranitc_unit
Milli Milli Inlier metagranitc unit,4942,613536.51859333,7470146.83982338,582.,Milli_Milli_Inlier_metagranitc_unit
Milli Milli Inlier metagranitc unit,4942,613219.0782943,7470256.8495207,582.,Milli_Milli_Inlier_metagranitc_unit
Milli Milli Inlier metagranitc unit,4942,612680.60248182,7470692.8805369,582.,Milli_Milli_Inlier_metagranitc_unit
Milli Milli Inlier metagranitc unit,4942,612433.85862219,7470954.88139476,582.,Milli_Milli_Inlier_metagranitc_unit
Milli Milli Inlier metagranitc unit,4942,612162.40883075,7471382.86808079,582.,Milli_Milli_Inlier_metagranitc_unit
Milli Milli Inlier metagranitc unit,4942,611909.53054949,7471702.38054124,612.,Milli_Milli_Inlier_metagranitc_unit
Milli Milli Inlier metagranitc unit,4942,611681.77081773,7471951.88103201,612.,Milli_Milli_Inlier_metagranitc_unit
Milli Milli Inlier metagranitc unit,4942,611384.07799098,7472208.38037449,612.,Milli_Milli_Inlier_metagranitc_unit
Milli Milli Inlier metagranitc unit,4942,611048.34144419,7472470.88044662,612.,Milli_Milli_Inlier_metagranitc_unit
Milli Milli Inlier metagranitc unit,4942,610307.390901,7473117.88876448,612.,Milli_Milli_Inlier_metagranitc_unit
Milli Milli Inlier metagranitc unit,4942,610111.46005795,7473373.38029967,594.,Milli_Milli_Inlier_metagranitc_unit
Milli Milli Inlier metagranitc unit,4942,609985.39037792,7473609.88863053,594.,Milli_Milli_Inlier_metagranitc_unit
Milli Milli Inlier metagranitc unit,4942,609859.01116058,7473782.37828869,594.,Milli_Milli_Inlier_metagranitc_unit
Milli Milli Inlier metagranitc unit,4942,609732.44098334,7473910.39126435,594.,Milli_Milli_Inlier_metagranitc_unit
Milli Milli Inlier metagranitc unit,4942,609643.58154525,7473948.90177066,594.,Milli_Milli_Inlier_metagranitc_unit
Milli Milli Inlier metagranitc unit,4942,609542.00144632,7473981.3912928,593.,Milli_Milli_Inlier_metagranitc_unit
Milli Milli Inlier metagranitc unit,4942,609370.36174834,7474007.38879744,593.,Milli_Milli_Inlier_metagranitc_unit
Milli Milli Inlier metagranitc unit,4942,609357.64048176,7474001.40031814,593.,Milli_Milli_Inlier_metagranitc_unit
Milli Milli Inlier metagranitc unit,4942,608878.51835275,7474108.89937682,593.,Milli_Milli_Inlier_metagranitc_unit
Milli Milli Inlier metagranitc unit,4942,607953.48948556,7474695.93017215,593.,Milli_Milli_Inlier_metagranitc_unit
Milli Milli Inlier metagranitc unit,4942,607633.28926904,7475069.42732488,600.,Milli_Milli_Inlier_metagranitc_unit
Milli Milli Inlier metagranitc unit,4942,607490.98973549,7475353.94048152,600.,Milli_Milli_Inlier_metagranitc_unit
Milli Milli Inlier metagranitc unit,4942,607490.99805813,7475745.44807606,600.,Milli_Milli_Inlier_metagranitc_unit
Milli Milli Inlier metagranitc unit,4942,607579.9189627,7476029.94868712,600.,Milli_Milli_Inlier_metagranitc_unit
Milli Milli Inlier metagranitc unit,4942,607757.75832847,7476207.9598875,597.,Milli_Milli_Inlier_metagranitc_unit
Milli Milli Inlier metagranitc unit,4942,608113.54170667,7476367.94940903,606.,Milli_Milli_Inlier_metagranitc_unit
Milli Milli Inlier metagranitc unit,4942,608606.26190948,7476487.43119103,606.,Milli_Milli_Inlier_metagranitc_unit
Milli Milli Inlier metagranitc unit,4942,608861.26261102,7476607.43044634,606.,Milli_Milli_Inlier_metagranitc_unit
Milli Milli Inlier metagranitc unit,4942,609166.88829652,7476681.92095784,606.,Milli_Milli_Inlier_metagranitc_unit
Milli Milli Inlier metagranitc unit,4942,609389.53152461,7476693.41812936,606.,Milli_Milli_Inlier_metagranitc_unit
Milli Milli Inlier metagranitc unit,4942,609567.06759209,7476590.42045657,606.,Milli_Milli_Inlier_metagranitc_unit
Milli Milli Inlier metagranitc unit,4942,609674.8512291,7476513.91157089,606.,Milli_Milli_Inlier_metagranitc_unit
Milli Milli Inlier metagranitc unit,4942,609878.04135557,7476442.41174818,606.,Milli_Milli_Inlier_metagranitc_unit
Milli Milli Inlier metagranitc unit,4942,610018.14827688,7476498.9125616,606.,Milli_Milli_Inlier_metagranitc_unit
Milli Milli Inlier metagranitc unit,4942,610145.96026183,7476625.90007783,606.,Milli_Milli_Inlier_metagranitc_unit
Milli Milli Inlier metagranitc unit,4942,610203.52891355,7476701.90051794,620.,Milli_Milli_Inlier_metagranitc_unit
Milli Milli Inlier metagranitc unit,4942,610401.07969923,7476789.89954934,620.,Milli_Milli_Inlier_metagranitc_unit
Milli Milli Inlier metagranitc unit,4942,610559.77874999,7476718.87935429,620.,Milli_Milli_Inlier_metagranitc_unit
Milli Milli Inlier metagranitc unit,4942,610648.01944677,7476552.88866306,620.,Milli_Milli_Inlier_metagranitc_unit
Milli Milli Inlier metagranitc unit,4942,610684.87004964,7476285.37952545,620.,Milli_Milli_Inlier_metagranitc_unit
Milli Milli Inlier metagranitc unit,4942,610778.96923514,7476011.39024771,614.,Milli_Milli_Inlier_metagranitc_unit
Milli Milli Inlier metagranitc unit,4942,611007.30046567,7475888.8803223,614.,Milli_Milli_Inlier_metagranitc_unit
Milli Milli Inlier metagranitc unit,4942,611242.99192972,7475957.87840705,614.,Milli_Milli_Inlier_metagranitc_unit
Milli Milli Inlier metagranitc unit,4942,611396.73068077,7476198.87119838,614.,Milli_Milli_Inlier_metagranitc_unit
Milli Milli Inlier metagranitc unit,4942,611562.97979921,7476382.35937919,614.,Milli_Milli_Inlier_metagranitc_unit
Milli Milli Inlier metagranitc unit,4942,611830.34250034,7476450.86239778,800.,Milli_Milli_Inlier_metagranitc_unit
Milli Milli Inlier metagranitc unit,4942,612065.71770099,7476462.3496547,756.,Milli_Milli_Inlier_metagranitc_unit
Milli Milli Inlier metagranitc unit,4942,612332.94108891,7476486.32919027,756.,Milli_Milli_Inlier_metagranitc_unit
Milli Milli Inlier metagranitc unit,4942,612587.24981182,7476459.33969407,756.,Milli_Milli_Inlier_metagranitc_unit
Milli Milli Inlier metagranitc unit,4942,612821.92989716,7476337.32871933,756.,Milli_Milli_Inlier_metagranitc_unit
Milli Milli Inlier metagranitc unit,4942,612865.47866411,7476146.32661326,639.,Milli_Milli_Inlier_metagranitc_unit
Milli Milli Inlier metagranitc unit,4942,612801.31031639,7476019.33131892,639.,Milli_Milli_Inlier_metagranitc_unit
Milli Milli Inlier metagranitc unit,4942,612463.07170654,7475772.8383604,639.,Milli_Milli_Inlier_metagranitc_unit
Milli Milli Inlier metagranitc unit,4942,612087.57080567,7475704.84937984,639.,Milli_Milli_Inlier_metagranitc_unit
Milli Milli Inlier metagranitc unit,4942,611775.56976557,7475617.37114691,639.,Milli_Milli_Inlier_metagranitc_unit
Milli Milli Inlier metagranitc unit,4942,611450.61792542,7475498.36936305,606.,Milli_Milli_Inlier_metagranitc_unit
Milli Milli Inlier metagranitc unit,4942,611170.70934236,7475467.87049073,606.,Milli_Milli_Inlier_metagranitc_unit
Milli Milli Inlier metagranitc unit,4942,610864.64806035,7475297.89259206,606.,Milli_Milli_Inlier_metagranitc_unit
Milli Milli Inlier metagranitc unit,4942,610818.62145088,7474986.36947709,606.,Milli_Milli_Inlier_metagranitc_unit
Milli Milli Inlier metagranitc unit,4942,611090.94881936,7474749.39138006,606.,Milli_Milli_Inlier_metagranitc_unit
Milli Milli Inlier metagranitc unit,4942,611599.95020183,7474803.86748755,598.,Milli_Milli_Inlier_metagranitc_unit
Milli Milli Inlier metagranitc unit,4942,612128.57901448,7474959.85936112,598.,Milli_Milli_Inlier_metagranitc_unit
Milli Milli Inlier metagranitc unit,4942,612676.1205343,7475103.3508681,598.,Milli_Milli_Inlier_metagranitc_unit
Milli Milli Inlier metagranitc unit,4942,613204.21801257,7475145.31956026,598.,Milli_Milli_Inlier_metagranitc_unit
Milli Milli Inlier metagranitc unit,4942,613751.86159627,7475294.74960137,598.,Milli_Milli_Inlier_metagranitc_unit
Milli Milli Inlier metagranitc unit,4942,614088.94981605,7475292.70877214,633.,Milli_Milli_Inlier_metagranitc_unit
Milli Milli Inlier metagranitc unit,4942,614706.02851236,7475315.11898025,633.,Milli_Milli_Inlier_metagranitc_unit
Milli Milli Inlier metagranitc unit,4942,614795.07223897,7475314.61887887,637.,Milli_Milli_Inlier_metagranitc_unit
Milli Milli Inlier metagranitc unit,7366,595340.77997391,7475216.88087953,649.,Milli_Milli_Inlier_metagranitc_unit
Milli Milli Inlier metagranitc unit,7366,595811.49370162,7475245.88066057,649.,Milli_Milli_Inlier_metagranitc_unit
Milli Milli Inlier metagranitc unit,7366,596479.07765213,7475210.38782823,649.,Milli_Milli_Inlier_metagranitc_unit
Milli Milli Inlier metagranitc unit,7366,597191.01942651,7475136.88970838,649.,Milli_Milli_Inlier_metagranitc_unit
Milli Milli Inlier metagranitc unit,7366,598240.03025327,7475073.90880537,649.,Milli_Milli_Inlier_metagranitc_unit
Milli Milli Inlier metagranitc unit,7366,598761.52957284,7475077.41117856,667.,Milli_Milli_Inlier_metagranitc_unit
Milli Milli Inlier metagranitc unit,7366,599690.78019313,7475237.92077934,667.,Milli_Milli_Inlier_metagranitc_unit
Milli Milli Inlier metagranitc unit,7366,599900.50882561,7475223.93018281,667.,Milli_Milli_Inlier_metagranitc_unit
Milli Milli Inlier metagranitc unit,7366,600440.66852667,7475131.92984551,667.,Milli_Milli_Inlier_metagranitc_unit
Milli Milli Inlier metagranitc unit,7366,600923.20122918,7474969.92791929,667.,Milli_Milli_Inlier_metagranitc_unit
Milli Milli Inlier metagranitc unit,7366,601532.96901067,7474813.93985722,620.,Milli_Milli_Inlier_metagranitc_unit
Milli Milli Inlier metagranitc unit,7366,602206.4292549,7474682.92914997,620.,Milli_Milli_Inlier_metagranitc_unit
Milli Milli Inlier metagranitc unit,7366,602892.48964814,7474513.94171609,637.,Milli_Milli_Inlier_metagranitc_unit
Milli Milli Inlier metagranitc unit,7366,603774.95080844,7474203.41987024,637.,Milli_Milli_Inlier_metagranitc_unit
Milli Milli Inlier metagranitc unit,7366,604169.22005712,7474188.41210195,637.,Milli_Milli_Inlier_metagranitc_unit
Milli Milli Inlier metagranitc unit,7366,604474.49032306,7474199.92181453,613.,Milli_Milli_Inlier_metagranitc_unit
Milli Milli Inlier metagranitc unit,7366,604538.17908042,7474211.91910648,613.,Milli_Milli_Inlier_metagranitc_unit
Milli Milli Inlier metagranitc unit,7366,604595.40874701,7474211.91804388,613.,Milli_Milli_Inlier_metagranitc_unit
Milli Milli Inlier metagranitc unit,7366,605245.14146946,7473840.41108714,613.,Milli_Milli_Inlier_metagranitc_unit
Milli Milli Inlier metagranitc unit,7366,605976.33073592,7472724.37859842,613.,Milli_Milli_Inlier_metagranitc_unit
Milli Milli Inlier metagranitc unit,7366,606168.73963573,7472070.36810669,590.,Milli_Milli_Inlier_metagranitc_unit
Milli Milli Inlier metagranitc unit,7366,606476.64028212,7471300.37175138,590.,Milli_Milli_Inlier_metagranitc_unit
Milli Milli Inlier metagranitc unit,7366,606784.45069111,7470723.35953844,590.,Milli_Milli_Inlier_metagranitc_unit
Milli Milli Inlier metagranitc unit,7366,606976.88881833,7470222.84823733,590.,Milli_Milli_Inlier_metagranitc_unit
Milli Milli Inlier metagranitc unit,7366,606822.98958802,7469915.34943671,590.,Milli_Milli_Inlier_metagranitc_unit
Milli Milli Inlier metagranitc unit,7366,606399.72933652,7469876.85233627,586.,Milli_Milli_Inlier_metagranitc_unit
Milli Milli Inlier metagranitc unit,7366,605961.42066319,7469920.85106271,585.,Milli_Milli_Inlier_metagranitc_unit
Milli Milli Inlier metagranitc unit,7366,605497.08940679,7469904.3521378,585.,Milli_Milli_Inlier_metagranitc_unit
Milli Milli Inlier metagranitc unit,7366,605007.42982934,7469919.85879421,585.,Milli_Milli_Inlier_metagranitc_unit
Milli Milli Inlier metagranitc unit,7366,604537.60970162,7470081.34750754,585.,Milli_Milli_Inlier_metagranitc_unit
Milli Milli Inlier metagranitc unit,7366,603953.79887454,7470338.87117205,585.,Milli_Milli_Inlier_metagranitc_unit
Milli Milli Inlier metagranitc unit,7366,603306.20968515,7470577.86114448,601.,Milli_Milli_Inlier_metagranitc_unit
Milli Milli Inlier metagranitc unit,7366,602474.45202494,7470849.86015519,601.,Milli_Milli_Inlier_metagranitc_unit
Milli Milli Inlier metagranitc unit,7366,601274.15844356,7471206.35113187,601.,Milli_Milli_Inlier_metagranitc_unit
Milli Milli Inlier metagranitc unit,7366,600422.58881694,7471331.84079453,601.,Milli_Milli_Inlier_metagranitc_unit
Milli Milli Inlier metagranitc unit,7366,599532.36023676,7471343.33817646,601.,Milli_Milli_Inlier_metagranitc_unit
Milli Milli Inlier metagranitc unit,7366,598870.97077605,7471334.33148348,609.,Milli_Milli_Inlier_metagranitc_unit
Milli Milli Inlier metagranitc unit,7366,598113.9608533,7471293.83059352,609.,Milli_Milli_Inlier_metagranitc_unit
Milli Milli Inlier metagranitc unit,7366,597465.35804882,7471297.31844575,609.,Milli_Milli_Inlier_metagranitc_unit
Milli Milli Inlier metagranitc unit,7366,596740.50991136,7471332.81192912,609.,Milli_Milli_Inlier_metagranitc_unit
Milli Milli Inlier metagranitc unit,7366,596022.37780852,7471432.31193761,609.,Milli_Milli_Inlier_metagranitc_unit
Milli Milli Inlier metagranitc unit,7366,595450.58862669,7471556.30939742,632.,Milli_Milli_Inlier_metagranitc_unit
Milli Milli Inlier metagranitc unit,7366,594929.84060068,7471711.80208626,632.,Milli_Milli_Inlier_metagranitc_unit
Milli Milli Inlier metagranitc unit,7366,594523.66936967,7471892.29983132,632.,Milli_Milli_Inlier_metagranitc_unit
Milli Milli Inlier metagranitc unit,7366,594282.86045816,7472078.30055985,632.,Milli_Milli_Inlier_metagranitc_unit
Milli Milli Inlier metagranitc unit,7366,594252.80064806,7472428.29907258,632.,Milli_Milli_Inlier_metagranitc_unit
Milli Milli Inlier metagranitc unit,7366,594438.61228467,7472726.79905739,636.,Milli_Milli_Inlier_metagranitc_unit
Milli Milli Inlier metagranitc unit,7366,594687.73876967,7472954.31108208,636.,Milli_Milli_Inlier_metagranitc_unit
Milli Milli Inlier metagranitc unit,7366,595031.6912969,7473067.32004361,636.,Milli_Milli_Inlier_metagranitc_unit
Milli Milli Inlier metagranitc unit,7366,595388.05985319,7473122.32119209,636.,Milli_Milli_Inlier_metagranitc_unit
Milli Milli Inlier metagranitc unit,7366,595744.7680108,7473247.82979411,636.,Milli_Milli_Inlier_metagranitc_unit
Milli Milli Inlier metagranitc unit,7366,596063.64988073,7473424.33987667,653.,Milli_Milli_Inlier_metagranitc_unit
Milli Milli Inlier metagranitc unit,7366,596236.30202874,7473633.34169235,653.,Milli_Milli_Inlier_metagranitc_unit
Milli Milli Inlier metagranitc unit,7366,596275.76176099,7473906.86029634,653.,Milli_Milli_Inlier_metagranitc_unit
Milli Milli Inlier metagranitc unit,7366,596086.46808637,7474226.3481309,653.,Milli_Milli_Inlier_metagranitc_unit
Milli Milli Inlier metagranitc unit,7366,595833.29066941,7474475.86045906,653.,Milli_Milli_Inlier_metagranitc_unit
Milli Milli Inlier metagranitc unit,7366,595624.57910523,7474724.86887523,736.,Milli_Milli_Inlier_metagranitc_unit
Milli Milli Inlier metagranitc unit,7366,595536.42014654,7474910.38052461,649.,Milli_Milli_Inlier_metagranitc_unit
Rocklea Inlier metagranitic unit,16193,544486.60044895,7477014.13912995,459.,Rocklea_Inlier_metagranitic_unit
Rocklea Inlier metagranitic unit,16193,544410.8705882,7477129.1391502,459.,Rocklea_Inlier_metagranitic_unit
Rocklea Inlier metagranitic unit,16193,544398.1812338,7477135.63909908,455.,Rocklea_Inlier_metagranitic_unit
Rocklea Inlier metagranitic unit,16193,544245.43982986,7477117.1421511,455.,Rocklea_Inlier_metagranitic_unit
Rocklea Inlier metagranitic unit,16193,544137.38020216,7477130.63048583,455.,Rocklea_Inlier_metagranitic_unit
Rocklea Inlier metagranitic unit,16193,524538.24941781,7479935.4520637,390.,Rocklea_Inlier_metagranitic_unit
Rocklea Inlier metagranitic unit,16193,545000.01970581,7478579.67025788,390.,Rocklea_Inlier_metagranitic_unit
Rocklea Inlier metagranitic unit,16193,545128.8499415,7478328.16821243,390.,Rocklea_Inlier_metagranitic_unit
Rocklea Inlier metagranitic unit,16193,545273.97101082,7478091.67010938,390.,Rocklea_Inlier_metagranitic_unit
Rocklea Inlier metagranitic unit,16193,545330.20924286,7477894.16892749,390.,Rocklea_Inlier_metagranitic_unit
Rocklea Inlier metagranitic unit,16193,545347.46956297,7477512.16031512,472.,Rocklea_Inlier_metagranitic_unit
Rocklea Inlier metagranitic unit,16193,545321.02219096,7477302.16138144,472.,Rocklea_Inlier_metagranitic_unit
Rocklea Inlier metagranitic unit,16193,545256.35725774,7477067.15024389,472.,Rocklea_Inlier_metagranitic_unit
Rocklea Inlier metagranitic unit,16193,545115.8493161,7476940.66132401,472.,Rocklea_Inlier_metagranitic_unit
Rocklea Inlier metagranitic unit,16193,544937.41143097,7476877.64096559,472.,Rocklea_Inlier_metagranitic_unit
Rocklea Inlier metagranitic unit,16193,544772.07962524,7476878.63793383,459.,Rocklea_Inlier_metagranitic_unit
Rocklea Inlier metagranitic unit,16193,544638.71817344,7476917.64162978,459.,Rocklea_Inlier_metagranitic_unit
Rocklea Inlier metagranitic unit,16193,544543.60882135,7476962.64081672,459.,Rocklea_Inlier_metagranitic_unit
Rocklea Inlier metagranitic unit,16193,544653.91856422,7474766.09837564,459.,Rocklea_Inlier_metagranitic_unit
Rocklea Inlier metagranitic unit,16193,544748.74914697,7474644.61088059,459.,Rocklea_Inlier_metagranitic_unit
Rocklea Inlier metagranitic unit,16193,544868.47112778,7474421.60093993,448.,Rocklea_Inlier_metagranitic_unit
Rocklea Inlier metagranitic unit,16193,544918.29034758,7474204.59148378,448.,Rocklea_Inlier_metagranitic_unit
Rocklea Inlier metagranitic unit,16193,544929.95275929,7473962.59020985,448.,Rocklea_Inlier_metagranitic_unit
Rocklea Inlier metagranitic unit,16193,544928.91978142,7473752.5882781,448.,Rocklea_Inlier_metagranitic_unit
Rocklea Inlier metagranitic unit,16193,544895.86076884,7473492.57888591,448.,Rocklea_Inlier_metagranitic_unit
Rocklea Inlier metagranitic unit,16193,535417.41028137,7467541.25858049,423.,Rocklea_Inlier_metagranitic_unit
Rocklea Inlier metagranitic unit,16193,534965.76903623,7467518.25991393,423.,Rocklea_Inlier_metagranitic_unit
Rocklea Inlier metagranitic unit,16193,533961.21288754,7467561.77917887,423.,Rocklea_Inlier_metagranitic_unit
Rocklea Inlier metagranitic unit,16193,533573.57034978,7467627.77097998,423.,Rocklea_Inlier_metagranitic_unit
Rocklea Inlier metagranitic unit,16193,533077.99942791,7467725.77929484,423.,Rocklea_Inlier_metagranitic_unit
Rocklea Inlier metagranitic unit,16193,532328.61971441,7467939.79931032,440.,Rocklea_Inlier_metagranitic_unit
Rocklea Inlier metagranitic unit,16193,531941.51958656,7468107.31040268,440.,Rocklea_Inlier_metagranitic_unit
Rocklea Inlier metagranitic unit,16193,531554.29922962,7468262.31100675,444.,Rocklea_Inlier_metagranitic_unit
Rocklea Inlier metagranitic unit,16193,530723.06183413,7468642.32043844,444.,Rocklea_Inlier_metagranitic_unit
Rocklea Inlier metagranitic unit,16193,530323.28805579,7468829.31992713,444.,Rocklea_Inlier_metagranitic_unit
Rocklea Inlier metagranitic unit,16193,529688.9690126,7469169.82781928,432.,Rocklea_Inlier_metagranitic_unit
Rocklea Inlier metagranitic unit,16193,529543.01902322,7469234.34182091,432.,Rocklea_Inlier_metagranitic_unit
Rocklea Inlier metagranitic unit,16193,529390.60806108,7469279.82985753,432.,Rocklea_Inlier_metagranitic_unit
Rocklea Inlier metagranitic unit,16193,527133.63851665,7470743.37961433,432.,Rocklea_Inlier_metagranitic_unit
Rocklea Inlier metagranitic unit,16193,526873.74010869,7470929.37125243,432.,Rocklea_Inlier_metagranitic_unit
Rocklea Inlier metagranitic unit,16193,526772.49833593,7471025.36957923,433.,Rocklea_Inlier_metagranitic_unit
Rocklea Inlier metagranitic unit,16193,526146.17936975,7471709.86862759,433.,Rocklea_Inlier_metagranitic_unit
Rocklea Inlier metagranitic unit,16193,525835.91997034,7471991.37747476,433.,Rocklea_Inlier_metagranitic_unit
Rocklea Inlier metagranitic unit,16193,525538.34012283,7472285.88161288,433.,Rocklea_Inlier_metagranitic_unit
Rocklea Inlier metagranitic unit,16193,525335.96198609,7472509.87089493,433.,Rocklea_Inlier_metagranitic_unit
Rocklea Inlier metagranitic unit,16193,525058.20002452,7472943.87884574,396.,Rocklea_Inlier_metagranitic_unit
Rocklea Inlier metagranitic unit,16193,524837.83082065,7473403.37933271,396.,Rocklea_Inlier_metagranitic_unit
Rocklea Inlier metagranitic unit,16193,524547.82992723,7473933.38973916,396.,Rocklea_Inlier_metagranitic_unit
Rocklea Inlier metagranitic unit,16193,524314.66015873,7474380.39137854,396.,Rocklea_Inlier_metagranitic_unit
Rocklea Inlier metagranitic unit,16193,524113.28929708,7474826.900108,396.,Rocklea_Inlier_metagranitic_unit
Rocklea Inlier metagranitic unit,16193,523987.71795826,7475171.39786647,399.,Rocklea_Inlier_metagranitic_unit
Rocklea Inlier metagranitic unit,16193,523881.70982023,7475617.39919385,399.,Rocklea_Inlier_metagranitic_unit
Rocklea Inlier metagranitic unit,16193,523884.2979535,7476158.4115723,399.,Rocklea_Inlier_metagranitic_unit
Rocklea Inlier metagranitic unit,16193,523899.47760759,7476673.90967623,399.,Rocklea_Inlier_metagranitic_unit
Rocklea Inlier metagranitic unit,16193,523856.89168577,7477074.91969092,399.,Rocklea_Inlier_metagranitic_unit
Rocklea Inlier metagranitic unit,16193,523833.81178682,7477577.93017116,394.,Rocklea_Inlier_metagranitic_unit
Rocklea Inlier metagranitic unit,16193,523880.4596507,7478016.93056708,394.,Rocklea_Inlier_metagranitic_unit
Rocklea Inlier metagranitic unit,16193,523990.6301248,7478455.4323689,394.,Rocklea_Inlier_metagranitic_unit
Rocklea Inlier metagranitic unit,16193,524119.8879802,7478887.42807001,394.,Rocklea_Inlier_metagranitic_unit
Rocklea Inlier metagranitic unit,16193,524274.52800415,7479306.94064317,409.,Rocklea_Inlier_metagranitic_unit
Rocklea Inlier metagranitic unit,16193,524662.73130987,7480154.44913802,390.,Rocklea_Inlier_metagranitic_unit
Rocklea Inlier metagranitic unit,16193,525046.50120046,7480304.95969631,390.,Rocklea_Inlier_metagranitic_unit
Rocklea Inlier metagranitic unit,16193,525590.13885675,7480549.45773494,390.,Rocklea_Inlier_metagranitic_unit
Rocklea Inlier metagranitic unit,16193,526736.96184937,7480922.95966262,390.,Rocklea_Inlier_metagranitic_unit
Rocklea Inlier metagranitic unit,16193,529856.88747434,7481720.47954789,390.,Rocklea_Inlier_metagranitic_unit
Rocklea Inlier metagranitic unit,16193,529827.91051599,7480963.48990523,440.,Rocklea_Inlier_metagranitic_unit
Rocklea Inlier metagranitic unit,16193,531488.10806683,7481043.48909376,440.,Rocklea_Inlier_metagranitic_unit
Rocklea Inlier metagranitic unit,16193,533085.26996099,7481251.00100286,440.,Rocklea_Inlier_metagranitic_unit
Rocklea Inlier metagranitic unit,16193,534592.61076391,7481281.00779134,440.,Rocklea_Inlier_metagranitic_unit
Rocklea Inlier metagranitic unit,16193,536441.71919303,7480978.03134903,440.,Rocklea_Inlier_metagranitic_unit
Rocklea Inlier metagranitic unit,16193,537775.93181324,7480703.57045698,432.,Rocklea_Inlier_metagranitic_unit
Rocklea Inlier metagranitic unit,16193,538468.26221117,7480515.58826357,444.,Rocklea_Inlier_metagranitic_unit
Rocklea Inlier metagranitic unit,16193,538902.02006777,7480793.10108061,444.,Rocklea_Inlier_metagranitic_unit
Rocklea Inlier metagranitic unit,16193,539450.06928267,7481044.61925155,444.,Rocklea_Inlier_metagranitic_unit
Rocklea Inlier metagranitic unit,16193,540092.78881139,7481117.6317191,444.,Rocklea_Inlier_metagranitic_unit
Rocklea Inlier metagranitic unit,16193,540899.98049524,7481030.66038642,501.,Rocklea_Inlier_metagranitic_unit
Rocklea Inlier metagranitic unit,16193,541528.28853057,7480753.66789408,501.,Rocklea_Inlier_metagranitic_unit
Rocklea Inlier metagranitic unit,16193,542003.92130431,7480483.66054976,501.,Rocklea_Inlier_metagranitic_unit
Rocklea Inlier metagranitic unit,16193,542810.1686016,7480186.17231369,501.,Rocklea_Inlier_metagranitic_unit
Rocklea Inlier metagranitic unit,16193,543273.43074471,7479986.68121437,501.,Rocklea_Inlier_metagranitic_unit
Rocklea Inlier metagranitic unit,16193,543539.54005779,7479775.17871059,471.,Rocklea_Inlier_metagranitic_unit
Rocklea Inlier metagranitic unit,16193,543850.09943871,7479563.17715962,471.,Rocklea_Inlier_metagranitic_unit
Rocklea Inlier metagranitic unit,16193,544323.51875315,7479210.68079693,479.,Rocklea_Inlier_metagranitic_unit
Rocklea Inlier metagranitic unit,16193,528876.53151279,7469505.34788527,426.,Rocklea_Inlier_metagranitic_unit
Rocklea Inlier metagranitic unit,16193,528979.14962552,7469682.83897026,426.,Rocklea_Inlier_metagranitic_unit
Rocklea Inlier metagranitic unit,16193,529164.71753386,7469917.33171615,426.,Rocklea_Inlier_metagranitic_unit
Rocklea Inlier metagranitic unit,16193,529369.10028898,7470107.34118478,426.,Rocklea_Inlier_metagranitic_unit
Rocklea Inlier metagranitic unit,16193,529579.5890492,7470239.83085304,426.,Rocklea_Inlier_metagranitic_unit
Rocklea Inlier metagranitic unit,16193,529840.86141093,7470352.83069034,443.,Rocklea_Inlier_metagranitic_unit
Rocklea Inlier metagranitic unit,16193,530248.67090831,7470509.81846534,443.,Rocklea_Inlier_metagranitic_unit
Rocklea Inlier metagranitic unit,16193,530440.31153411,7470687.31035403,443.,Rocklea_Inlier_metagranitic_unit
Rocklea Inlier metagranitic unit,16193,530607.12069803,7470997.81193457,443.,Rocklea_Inlier_metagranitic_unit
Rocklea Inlier metagranitic unit,16193,530613.67773923,7471042.31132897,443.,Rocklea_Inlier_metagranitic_unit
Rocklea Inlier metagranitic unit,16193,530601.3903473,7471118.81939144,443.,Rocklea_Inlier_metagranitic_unit
Rocklea Inlier metagranitic unit,16193,530487.42973808,7471234.31047865,443.,Rocklea_Inlier_metagranitic_unit
Rocklea Inlier metagranitic unit,16193,530360.50042427,7471285.80917516,443.,Rocklea_Inlier_metagranitic_unit
Rocklea Inlier metagranitic unit,16193,530258.75902404,7471286.30928074,443.,Rocklea_Inlier_metagranitic_unit
Rocklea Inlier metagranitic unit,16193,529971.90815361,7471154.31954163,443.,Rocklea_Inlier_metagranitic_unit
Rocklea Inlier metagranitic unit,16193,529838.48290107,7471167.820996,443.,Rocklea_Inlier_metagranitic_unit
Rocklea Inlier metagranitic unit,16193,529616.46990923,7471289.82008915,443.,Rocklea_Inlier_metagranitic_unit
Rocklea Inlier metagranitic unit,16193,529374.76947089,7471291.33951209,443.,Rocklea_Inlier_metagranitic_unit
Rocklea Inlier metagranitic unit,16193,529203.49219609,7471368.33114785,443.,Rocklea_Inlier_metagranitic_unit
Rocklea Inlier metagranitic unit,16193,529000.16068129,7471414.33129248,443.,Rocklea_Inlier_metagranitic_unit
Rocklea Inlier metagranitic unit,16193,528758.46848028,7471402.84031634,437.,Rocklea_Inlier_metagranitic_unit
Rocklea Inlier metagranitic unit,16193,528541.83120418,7471321.33824926,437.,Rocklea_Inlier_metagranitic_unit
Rocklea Inlier metagranitic unit,16193,528281.03046672,7471303.3486694,437.,Rocklea_Inlier_metagranitic_unit
Rocklea Inlier metagranitic unit,16193,527721.3701086,7471312.86039782,437.,Rocklea_Inlier_metagranitic_unit
Rocklea Inlier metagranitic unit,16193,527600.32918554,7471262.85979237,437.,Rocklea_Inlier_metagranitic_unit
Rocklea Inlier metagranitic unit,16193,527306.35880194,7470971.35981286,445.,Rocklea_Inlier_metagranitic_unit
Rocklea Inlier metagranitic unit,16193,527242.57210714,7470920.86809871,445.,Rocklea_Inlier_metagranitic_unit
Rocklea Inlier metagranitic unit,16193,541358.46061301,7476431.07075229,447.,Rocklea_Inlier_metagranitic_unit
Rocklea Inlier metagranitic unit,16193,541371.31022276,7476539.08924018,447.,Rocklea_Inlier_metagranitic_unit
Rocklea Inlier metagranitic unit,16193,541320.76081938,7476749.09918989,447.,Rocklea_Inlier_metagranitic_unit
Rocklea Inlier metagranitic unit,16193,541244.51028007,7476832.08961299,447.,Rocklea_Inlier_metagranitic_unit
Rocklea Inlier metagranitic unit,16193,541098.2585868,7476864.09020998,447.,Rocklea_Inlier_metagranitic_unit
Rocklea Inlier metagranitic unit,16193,540971.02066699,7476877.07989872,458.,Rocklea_Inlier_metagranitic_unit
Rocklea Inlier metagranitic unit,16193,540742.25083941,7477011.57930945,458.,Rocklea_Inlier_metagranitic_unit
Rocklea Inlier metagranitic unit,16193,540475.6499195,7477406.58921551,458.,Rocklea_Inlier_metagranitic_unit
Rocklea Inlier metagranitic unit,16193,540373.95089942,7477483.58900413,458.,Rocklea_Inlier_metagranitic_unit
Rocklea Inlier metagranitic unit,16193,540221.41166069,7477554.08997579,458.,Rocklea_Inlier_metagranitic_unit
Rocklea Inlier metagranitic unit,16193,539598.27840591,7477765.57024949,448.,Rocklea_Inlier_metagranitic_unit
Rocklea Inlier metagranitic unit,16193,539312.39028786,7477982.56887316,448.,Rocklea_Inlier_metagranitic_unit
Rocklea Inlier metagranitic unit,16193,539166.26893613,7478154.56851037,448.,Rocklea_Inlier_metagranitic_unit
Rocklea Inlier metagranitic unit,16193,539045.63096727,7478282.56859123,448.,Rocklea_Inlier_metagranitic_unit
Rocklea Inlier metagranitic unit,16193,538613.51233685,7478595.06873279,448.,Rocklea_Inlier_metagranitic_unit
Rocklea Inlier metagranitic unit,16193,538346.57870325,7478761.55831537,437.,Rocklea_Inlier_metagranitic_unit
Rocklea Inlier metagranitic unit,16193,538028.76031789,7478915.06022148,437.,Rocklea_Inlier_metagranitic_unit
Rocklea Inlier metagranitic unit,16193,537615.49093161,7479126.02918666,437.,Rocklea_Inlier_metagranitic_unit
Rocklea Inlier metagranitic unit,16193,537354.91262049,7479273.02999683,437.,Rocklea_Inlier_metagranitic_unit
Rocklea Inlier metagranitic unit,16193,536687.14899918,7479376.5112358,437.,Rocklea_Inlier_metagranitic_unit
Rocklea Inlier metagranitic unit,16193,536413.60194539,7479358.50150807,421.,Rocklea_Inlier_metagranitic_unit
Rocklea Inlier metagranitic unit,16193,536184.38157601,7479244.50081131,421.,Rocklea_Inlier_metagranitic_unit
Rocklea Inlier metagranitic unit,16193,535967.83825329,7479002.98176593,421.,Rocklea_Inlier_metagranitic_unit
Rocklea Inlier metagranitic unit,16193,535852.94961626,7478761.46781788,421.,Rocklea_Inlier_metagranitic_unit
Rocklea Inlier metagranitic unit,16193,535865.4507788,7478563.97198946,421.,Rocklea_Inlier_metagranitic_unit
Rocklea Inlier metagranitic unit,16193,535973.35935345,7478417.47064393,419.,Rocklea_Inlier_metagranitic_unit
Rocklea Inlier metagranitic unit,16193,536208.67089121,7478353.46996996,419.,Rocklea_Inlier_metagranitic_unit
Rocklea Inlier metagranitic unit,16193,536520.47075076,7478441.48111048,419.,Rocklea_Inlier_metagranitic_unit
Rocklea Inlier metagranitic unit,16193,536914.9694406,7478535.99960925,419.,Rocklea_Inlier_metagranitic_unit
Rocklea Inlier metagranitic unit,16193,537188.5610313,7478548.01037912,419.,Rocklea_Inlier_metagranitic_unit
Rocklea Inlier metagranitic unit,16193,537576.41909701,7478477.02245801,432.,Rocklea_Inlier_metagranitic_unit
Rocklea Inlier metagranitic unit,16193,538135.95004351,7478240.03871516,432.,Rocklea_Inlier_metagranitic_unit
Rocklea Inlier metagranitic unit,16193,538511.11770163,7478182.04028055,432.,Rocklea_Inlier_metagranitic_unit
Rocklea Inlier metagranitic unit,16193,538822.50945576,7477964.55079492,432.,Rocklea_Inlier_metagranitic_unit
Rocklea Inlier metagranitic unit,16193,538866.51982188,7477563.54101329,432.,Rocklea_Inlier_metagranitic_unit
Rocklea Inlier metagranitic unit,16193,538745.52027745,7477462.02832475,441.,Rocklea_Inlier_metagranitic_unit
Rocklea Inlier metagranitic unit,16193,538503.75011868,7477475.52124688,441.,Rocklea_Inlier_metagranitic_unit
Rocklea Inlier metagranitic unit,16193,538204.88042353,7477514.51060837,441.,Rocklea_Inlier_metagranitic_unit
Rocklea Inlier metagranitic unit,16193,537842.24110654,7477508.99052475,441.,Rocklea_Inlier_metagranitic_unit
Rocklea Inlier metagranitic unit,16193,537492.29165804,7477446.48944677,441.,Rocklea_Inlier_metagranitic_unit
Rocklea Inlier metagranitic unit,16193,537110.54042016,7477389.97284968,420.,Rocklea_Inlier_metagranitic_unit
Rocklea Inlier metagranitic unit,16193,536728.7406735,7477282.93916201,420.,Rocklea_Inlier_metagranitic_unit
Rocklea Inlier metagranitic unit,16193,536442.22876919,7477079.92868188,420.,Rocklea_Inlier_metagranitic_unit
Rocklea Inlier metagranitic unit,16193,536333.73737075,7476869.91877461,420.,Rocklea_Inlier_metagranitic_unit
Rocklea Inlier metagranitic unit,16193,536346.14859302,7476640.91941266,420.,Rocklea_Inlier_metagranitic_unit
Rocklea Inlier metagranitic unit,16193,536428.58983392,7476462.40820376,430.,Rocklea_Inlier_metagranitic_unit
Rocklea Inlier metagranitic unit,16193,536530.16124845,7476315.91080812,430.,Rocklea_Inlier_metagranitic_unit
Rocklea Inlier metagranitic unit,16193,536625.31386304,7476092.90745331,430.,Rocklea_Inlier_metagranitic_unit
Rocklea Inlier metagranitic unit,16193,536630.96845489,7475609.39256362,430.,Rocklea_Inlier_metagranitic_unit
Rocklea Inlier metagranitic unit,16193,536585.8998888,7475227.37049377,430.,Rocklea_Inlier_metagranitic_unit
Rocklea Inlier metagranitic unit,16193,536610.95903758,7474972.85881716,436.,Rocklea_Inlier_metagranitic_unit
Rocklea Inlier metagranitic unit,16193,536731.52852084,7474756.35877693,436.,Rocklea_Inlier_metagranitic_unit
Rocklea Inlier metagranitic unit,16193,536896.72780304,7474653.86018061,436.,Rocklea_Inlier_metagranitic_unit
Rocklea Inlier metagranitic unit,16193,537074.90998759,7474666.36935018,436.,Rocklea_Inlier_metagranitic_unit
Rocklea Inlier metagranitic unit,16193,537265.91887243,7474786.87001976,436.,Rocklea_Inlier_metagranitic_unit
Rocklea Inlier metagranitic unit,16193,537437.90754403,7474983.37874796,438.,Rocklea_Inlier_metagranitic_unit
Rocklea Inlier metagranitic unit,16193,537590.93140637,7475224.89968894,438.,Rocklea_Inlier_metagranitic_unit
Rocklea Inlier metagranitic unit,16193,537718.48184462,7475459.92058488,438.,Rocklea_Inlier_metagranitic_unit
Rocklea Inlier metagranitic unit,16193,537756.86039198,7475593.43035235,438.,Rocklea_Inlier_metagranitic_unit
Rocklea Inlier metagranitic unit,16193,537846.03877222,7475701.44067394,438.,Rocklea_Inlier_metagranitic_unit
Rocklea Inlier metagranitic unit,16193,537960.66886067,7475758.44080556,442.,Rocklea_Inlier_metagranitic_unit
Rocklea Inlier metagranitic unit,16193,538145.05047435,7475719.95065544,442.,Rocklea_Inlier_metagranitic_unit
Rocklea Inlier metagranitic unit,16193,538418.54045598,7475706.4508836,442.,Rocklea_Inlier_metagranitic_unit
Rocklea Inlier metagranitic unit,16193,538685.87055657,7475788.44901064,442.,Rocklea_Inlier_metagranitic_unit
Rocklea Inlier metagranitic unit,16193,538902.36083681,7475953.48025017,442.,Rocklea_Inlier_metagranitic_unit
Rocklea Inlier metagranitic unit,16193,539061.57196156,7476092.99021689,451.,Rocklea_Inlier_metagranitic_unit
Rocklea Inlier metagranitic unit,16193,539354.43974501,7476289.51938188,451.,Rocklea_Inlier_metagranitic_unit
Rocklea Inlier metagranitic unit,16193,539628.20049078,7476422.50944995,451.,Rocklea_Inlier_metagranitic_unit
Rocklea Inlier metagranitic unit,16193,539971.73980927,7476466.0413277,451.,Rocklea_Inlier_metagranitic_unit
Rocklea Inlier metagranitic unit,16193,540416.95051213,7476414.05017317,451.,Rocklea_Inlier_metagranitic_unit
Rocklea Inlier metagranitic unit,16193,540855.7583959,7476343.07302141,447.,Rocklea_Inlier_metagranitic_unit
Rocklea Inlier metagranitic unit,16193,541224.68949075,7476335.55921922,447.,Rocklea_Inlier_metagranitic_unit
Rocklea Inlier metagranitic unit,16193,544003.99001284,7477163.14045784,455.,Rocklea_Inlier_metagranitic_unit
Rocklea Inlier metagranitic unit,16193,543921.91012579,7477284.13925741,455.,Rocklea_Inlier_metagranitic_unit
Rocklea Inlier metagranitic unit,16193,543776.55077919,7477469.63846623,455.,Rocklea_Inlier_metagranitic_unit
Rocklea Inlier metagranitic unit,16193,543573.93015112,7477661.65108748,455.,Rocklea_Inlier_metagranitic_unit
Rocklea Inlier metagranitic unit,16193,543307.5100358,7477803.15148655,455.,Rocklea_Inlier_metagranitic_unit
Rocklea Inlier metagranitic unit,16193,542990.09090526,7477900.64864228,467.,Rocklea_Inlier_metagranitic_unit
Rocklea Inlier metagranitic unit,16193,542729.74923455,7477991.14988569,467.,Rocklea_Inlier_metagranitic_unit
Rocklea Inlier metagranitic unit,16193,542393.06988393,7478075.65049889,467.,Rocklea_Inlier_metagranitic_unit
Rocklea Inlier metagranitic unit,16193,542081.72028781,7478115.64771467,467.,Rocklea_Inlier_metagranitic_unit
Rocklea Inlier metagranitic unit,16193,541865.5903165,7478135.64060384,467.,Rocklea_Inlier_metagranitic_unit
Rocklea Inlier metagranitic unit,16193,541687.39900039,7478111.15142602,451.,Rocklea_Inlier_metagranitic_unit
Rocklea Inlier metagranitic unit,16193,541636.100919,7478022.14067149,451.,Rocklea_Inlier_metagranitic_unit
Rocklea Inlier metagranitic unit,16193,541616.16113299,7477838.13162838,451.,Rocklea_Inlier_metagranitic_unit
Rocklea Inlier metagranitic unit,16193,541697.81810921,7477640.13262924,451.,Rocklea_Inlier_metagranitic_unit
Rocklea Inlier metagranitic unit,16193,541976.46113227,7477384.11867977,451.,Rocklea_Inlier_metagranitic_unit
Rocklea Inlier metagranitic unit,16193,542769.040812,7476908.60916732,480.,Rocklea_Inlier_metagranitic_unit
Rocklea Inlier metagranitic unit,16193,542978.1209839,7476742.11959913,480.,Rocklea_Inlier_metagranitic_unit
Rocklea Inlier metagranitic unit,16193,543186.93939418,7476524.60927305,480.,Rocklea_Inlier_metagranitic_unit
Rocklea Inlier metagranitic unit,16193,543275.31147864,7476384.10886607,462.,Rocklea_Inlier_metagranitic_unit
Rocklea Inlier metagranitic unit,16193,543318.81773221,7476173.59981612,462.,Rocklea_Inlier_metagranitic_unit
Rocklea Inlier metagranitic unit,16193,543336.91083865,7475963.60162352,475.,Rocklea_Inlier_metagranitic_unit
Rocklea Inlier metagranitic unit,16193,543336.01063446,7475766.0873221,475.,Rocklea_Inlier_metagranitic_unit
Rocklea Inlier metagranitic unit,16193,543322.66957816,7475645.58821918,475.,Rocklea_Inlier_metagranitic_unit
Rocklea Inlier metagranitic unit,16193,543321.48089942,7475397.09218601,475.,Rocklea_Inlier_metagranitic_unit
Rocklea Inlier metagranitic unit,16193,543345.00071963,7474996.08146477,475.,Rocklea_Inlier_metagranitic_unit
Rocklea Inlier metagranitic unit,16193,543401.18213688,7474773.06972595,458.,Rocklea_Inlier_metagranitic_unit
Rocklea Inlier metagranitic unit,16193,543476.69017091,7474607.05891332,458.,Rocklea_Inlier_metagranitic_unit
Rocklea Inlier metagranitic unit,16193,543539.78132336,7474505.06126797,458.,Rocklea_Inlier_metagranitic_unit
Rocklea Inlier metagranitic unit,16193,543742.57096685,7474351.06002831,458.,Rocklea_Inlier_metagranitic_unit
Rocklea Inlier metagranitic unit,16193,543913.93934153,7474280.05906772,458.,Rocklea_Inlier_metagranitic_unit
Rocklea Inlier metagranitic unit,16193,544047.28837855,7474254.06990026,475.,Rocklea_Inlier_metagranitic_unit
Rocklea Inlier metagranitic unit,16193,544212.59925578,7474234.06983223,475.,Rocklea_Inlier_metagranitic_unit
Rocklea Inlier metagranitic unit,16193,544358.99006686,7474258.58030994,475.,Rocklea_Inlier_metagranitic_unit
Rocklea Inlier metagranitic unit,16193,544486.53954094,7474334.58034948,475.,Rocklea_Inlier_metagranitic_unit
Rocklea Inlier metagranitic unit,16193,544569.6305125,7474416.59141251,475.,Rocklea_Inlier_metagranitic_unit
Rocklea Inlier metagranitic unit,16193,544614.65762966,7474531.08040002,448.,Rocklea_Inlier_metagranitic_unit
Rocklea Inlier metagranitic unit,16193,544640.56158792,7474632.59017712,448.,Rocklea_Inlier_metagranitic_unit
Rocklea Inlier metagranitic unit,16193,544653.68097871,7474709.09855472,448.,Rocklea_Inlier_metagranitic_unit
Rocklea Inlier metagranitic unit,16193,544669.61969176,7473027.55845657,448.,Rocklea_Inlier_metagranitic_unit
Rocklea Inlier metagranitic unit,16193,544526.82015223,7473060.06137662,448.,Rocklea_Inlier_metagranitic_unit
Rocklea Inlier metagranitic unit,16193,543976.23049057,7473023.04154771,448.,Rocklea_Inlier_metagranitic_unit
Rocklea Inlier metagranitic unit,16193,543150.50233657,7472876.5120283,448.,Rocklea_Inlier_metagranitic_unit
Rocklea Inlier metagranitic unit,16193,542361.41952266,7472821.48187966,448.,Rocklea_Inlier_metagranitic_unit
Rocklea Inlier metagranitic unit,16193,541847.53985622,7472802.96003242,455.,Rocklea_Inlier_metagranitic_unit
Rocklea Inlier metagranitic unit,16193,541168.61934337,7472655.93782319,455.,Rocklea_Inlier_metagranitic_unit
Rocklea Inlier metagranitic unit,16193,540563.03049358,7472417.41934069,455.,Rocklea_Inlier_metagranitic_unit
Rocklea Inlier metagranitic unit,16193,540317.2411279,7472192.90946893,455.,Rocklea_Inlier_metagranitic_unit
Rocklea Inlier metagranitic unit,16193,540195.75798493,7472053.40086656,455.,Rocklea_Inlier_metagranitic_unit
Rocklea Inlier metagranitic unit,16193,540163.87050434,7472034.39073035,438.,Rocklea_Inlier_metagranitic_unit
Rocklea Inlier metagranitic unit,16193,540112.38876488,7471907.38917007,438.,Rocklea_Inlier_metagranitic_unit
Rocklea Inlier metagranitic unit,16193,540080.04992167,7471799.39822575,438.,Rocklea_Inlier_metagranitic_unit
Rocklea Inlier metagranitic unit,16193,539976.11039626,7471335.37923284,438.,Rocklea_Inlier_metagranitic_unit
Rocklea Inlier metagranitic unit,16193,539917.93847532,7471138.37896896,438.,Rocklea_Inlier_metagranitic_unit
Rocklea Inlier metagranitic unit,16193,539834.19162728,7470916.38005782,447.,Rocklea_Inlier_metagranitic_unit
Rocklea Inlier metagranitic unit,16193,539705.13909437,7470528.36896371,447.,Rocklea_Inlier_metagranitic_unit
Rocklea Inlier metagranitic unit,16193,539576.59881064,7470236.36038056,447.,Rocklea_Inlier_metagranitic_unit
Rocklea Inlier metagranitic unit,16193,539403.23865256,7469887.34933209,447.,Rocklea_Inlier_metagranitic_unit
Rocklea Inlier metagranitic unit,16193,539204.39937667,7469538.35004529,447.,Rocklea_Inlier_metagranitic_unit
Rocklea Inlier metagranitic unit,16193,539018.85015634,7469297.34120544,433.,Rocklea_Inlier_metagranitic_unit
Rocklea Inlier metagranitic unit,16193,538725.13118913,7469044.31874103,433.,Rocklea_Inlier_metagranitic_unit
Rocklea Inlier metagranitic unit,16193,538158.03889394,7468812.30072933,433.,Rocklea_Inlier_metagranitic_unit
Rocklea Inlier metagranitic unit,16193,537870.25048815,7468476.28941556,433.,Rocklea_Inlier_metagranitic_unit
Rocklea Inlier metagranitic unit,16193,537831.35837896,7468323.79152147,443.,Rocklea_Inlier_metagranitic_unit
Rocklea Inlier metagranitic unit,16193,535805.28640328,7475539.8683596,434.,Rocklea_Inlier_metagranitic_unit
Rocklea Inlier metagranitic unit,16193,535869.529938,7475666.8708212,434.,Rocklea_Inlier_metagranitic_unit
Rocklea Inlier metagranitic unit,16193,535921.5896661,7475920.87924217,434.,Rocklea_Inlier_metagranitic_unit
Rocklea Inlier metagranitic unit,16193,535903.08014113,7476041.88004626,434.,Rocklea_Inlier_metagranitic_unit
Rocklea Inlier metagranitic unit,16193,535763.8404315,7476182.88134399,434.,Rocklea_Inlier_metagranitic_unit
Rocklea Inlier metagranitic unit,16193,535611.56027553,7476240.90044947,430.,Rocklea_Inlier_metagranitic_unit
Rocklea Inlier metagranitic unit,16193,535490.71915559,7476241.40093304,430.,Rocklea_Inlier_metagranitic_unit
Rocklea Inlier metagranitic unit,16193,535369.6709868,7476197.8883594,430.,Rocklea_Inlier_metagranitic_unit
Rocklea Inlier metagranitic unit,16193,535280.59993619,7476198.38806432,430.,Rocklea_Inlier_metagranitic_unit
Rocklea Inlier metagranitic unit,16193,535211.11126909,7476293.89819025,430.,Rocklea_Inlier_metagranitic_unit
Rocklea Inlier metagranitic unit,16193,535205.72806999,7476491.39883231,430.,Rocklea_Inlier_metagranitic_unit
Rocklea Inlier metagranitic unit,16193,535212.88775059,7476663.41082216,430.,Rocklea_Inlier_metagranitic_unit
Rocklea Inlier metagranitic unit,16193,535194.41905669,7476790.41212643,430.,Rocklea_Inlier_metagranitic_unit
Rocklea Inlier metagranitic unit,16193,535099.60866539,7476911.92105693,430.,Rocklea_Inlier_metagranitic_unit
Rocklea Inlier metagranitic unit,16193,534953.58931184,7476969.91077837,430.,Rocklea_Inlier_metagranitic_unit
Rocklea Inlier metagranitic unit,16193,534711.97997234,7476971.41060094,412.,Rocklea_Inlier_metagranitic_unit
Rocklea Inlier metagranitic unit,16193,534457.18088773,7476889.91990615,412.,Rocklea_Inlier_metagranitic_unit
Rocklea Inlier metagranitic unit,16193,534272.0412619,7476738.40152101,412.,Rocklea_Inlier_metagranitic_unit
Rocklea Inlier metagranitic unit,16193,534137.60993377,7476547.9074588,412.,Rocklea_Inlier_metagranitic_unit
Rocklea Inlier metagranitic unit,16193,534124.29806099,7476427.4003172,412.,Rocklea_Inlier_metagranitic_unit
Rocklea Inlier metagranitic unit,16193,534231.74792225,7476286.39100578,415.,Rocklea_Inlier_metagranitic_unit
Rocklea Inlier metagranitic unit,16193,534587.30177917,7476163.87930148,427.,Rocklea_Inlier_metagranitic_unit
Rocklea Inlier metagranitic unit,16193,534637.92023086,7476118.87985734,427.,Rocklea_Inlier_metagranitic_unit
Rocklea Inlier metagranitic unit,16193,534650.10983341,7476004.38207713,427.,Rocklea_Inlier_metagranitic_unit
Rocklea Inlier metagranitic unit,16193,534515.53239384,7475794.87876045,427.,Rocklea_Inlier_metagranitic_unit
Rocklea Inlier metagranitic unit,16193,534336.97158835,7475687.87084154,416.,Rocklea_Inlier_metagranitic_unit
Rocklea Inlier metagranitic unit,16193,534069.05072568,7475510.87008899,416.,Rocklea_Inlier_metagranitic_unit
Rocklea Inlier metagranitic unit,16193,533851.93836226,7475327.35016517,416.,Rocklea_Inlier_metagranitic_unit
Rocklea Inlier metagranitic unit,16193,533698.49853675,7475150.34944858,416.,Rocklea_Inlier_metagranitic_unit
Rocklea Inlier metagranitic unit,16193,533589.11886506,7474883.33713892,416.,Rocklea_Inlier_metagranitic_unit
Rocklea Inlier metagranitic unit,16193,533569.06064451,7474679.82876288,421.,Rocklea_Inlier_metagranitic_unit
Rocklea Inlier metagranitic unit,16193,533606.56768073,7474539.84013341,421.,Rocklea_Inlier_metagranitic_unit
Rocklea Inlier metagranitic unit,16193,533839.94120627,7474137.30896526,421.,Rocklea_Inlier_metagranitic_unit
Rocklea Inlier metagranitic unit,16193,533909.50062406,7474060.82020701,421.,Rocklea_Inlier_metagranitic_unit
Rocklea Inlier metagranitic unit,16193,534042.55063719,7473964.31931216,421.,Rocklea_Inlier_metagranitic_unit
Rocklea Inlier metagranitic unit,16193,534169.68955427,7473944.81766203,424.,Rocklea_Inlier_metagranitic_unit
Rocklea Inlier metagranitic unit,16193,534239.73918407,7473969.82019463,424.,Rocklea_Inlier_metagranitic_unit
Rocklea Inlier metagranitic unit,16193,534309.9293032,7474007.3199388,424.,Rocklea_Inlier_metagranitic_unit
Rocklea Inlier metagranitic unit,16193,534405.59981654,7474076.81107371,424.,Rocklea_Inlier_metagranitic_unit
Rocklea Inlier metagranitic unit,16193,534559.28905061,7474298.81947829,424.,Rocklea_Inlier_metagranitic_unit
Rocklea Inlier metagranitic unit,16193,534924.68985956,7474895.34012237,423.,Rocklea_Inlier_metagranitic_unit
Rocklea Inlier metagranitic unit,16193,535122.78808058,7475116.85175051,423.,Rocklea_Inlier_metagranitic_unit
Rocklea Inlier metagranitic unit,16193,535358.73926261,7475236.84846621,423.,Rocklea_Inlier_metagranitic_unit
Rocklea Inlier metagranitic unit,16193,535607.23004652,7475343.35990072,431.,Rocklea_Inlier_metagranitic_unit
Rocklea Inlier metagranitic unit,16193,537833.39053655,7468177.28922757,427.,Rocklea_Inlier_metagranitic_unit
Rocklea Inlier metagranitic unit,16193,537455.30050376,7468147.77789254,427.,Rocklea_Inlier_metagranitic_unit
Rocklea Inlier metagranitic unit,16193,536730.30071548,7468138.77969055,427.,Rocklea_Inlier_metagranitic_unit
Rocklea Inlier metagranitic unit,16193,536494.8793379,7468120.76085477,427.,Rocklea_Inlier_metagranitic_unit
Rocklea Inlier metagranitic unit,16193,536291.33981015,7468096.74972715,423.,Rocklea_Inlier_metagranitic_unit
Rocklea Inlier metagranitic unit,16193,535998.38985508,7468015.25198655,423.,Rocklea_Inlier_metagranitic_unit
Rocklea Inlier metagranitic unit,16193,535807.1201986,7467921.24040842,423.,Rocklea_Inlier_metagranitic_unit
Rocklea Inlier metagranitic unit,16193,535679.59053103,7467838.75907836,423.,Rocklea_Inlier_metagranitic_unit
Rocklea Inlier metagranitic unit,16193,535487.90916072,7467642.74985046,423.,Rocklea_Inlier_metagranitic_unit
